id,title,text,score,num_comments,created_utc,subreddit,url,author,upvote_ratio,date
demo_0000,Premium coffee trend in APAC - here to stay?,Price sensitivity is real. Many consumers switching to instant or home brewing due to economic pressure.,189,20,2026-04-09 19:01:01.593071,bangkok,https://reddit.com/r/bangkok/demo_0000,user_6734,0.8248331707990055,2026-04-09
demo_0001,Daily coffee routine - budget friendly options,Price sensitivity is real. Many consumers switching to instant or home brewing due to economic pressure.,152,2,2026-03-25 04:01:01.593071,bali,https://reddit.com/r/bali/demo_0001,user_2685,0.715795242127588,2026-03-25
demo_0002,Working from cafe in Bali - wifi and coffee quality,Grab's coffee delivery is convenient but the markup is significant. Is it worth it for the time saved?,192,59,2026-03-24 03:01:01.593071,kl,https://reddit.com/r/kl/demo_0002,user_7420,0.8728948226957606,2026-03-24
demo_0003,Family-friendly cafes in Manila,The rise of local chains like Kopi Kenangan shows demand for affordable premium experiences.,49,90,2026-03-21 17:01:01.593071,bangkok,https://reddit.com/r/bangkok/demo_0003,user_3558,0.7390582809825716,2026-03-21
demo_0004,Premium coffee trend in APAC - here to stay?,The specialty coffee scene in Jakarta has exploded. Prices are approaching Western levels but quality is improving.,364,54,2026-03-19 23:01:01.593071,FoodPorn,https://reddit.com/r/FoodPorn/demo_0004,user_2267,0.8658760792813719,2026-03-19
demo_0005,Instant coffee recommendations for office,Convenience is key for me. Using apps like Grab for coffee orders during busy mornings.,329,38,2026-04-14 10:01:01.593071,coffeelovers,https://reddit.com/r/coffeelovers/demo_0005,user_6393,0.9656879504309333,2026-04-14
demo_0006,Best coffee delivery app in Singapore,Consumer behavior shifting: experience > product. People pay for ambiance and Instagram-worthiness.,53,1,2026-03-20 01:01:01.593071,espresso,https://reddit.com/r/espresso/demo_0006,user_7235,0.8232426982470883,2026-03-20
demo_0007,How much do you spend on coffee monthly?,The specialty coffee scene in Jakarta has exploded. Prices are approaching Western levels but quality is improving.,206,80,2026-04-10 03:01:01.593071,bangkok,https://reddit.com/r/bangkok/demo_0007,user_2585,0.8855062396191149,2026-04-10
demo_0008,Local Indonesian coffee beans vs imported,My family drinks coffee daily. We switched to local beans and saving 40% while supporting local farmers.,310,92,2026-04-15 09:01:01.593071,singapore,https://reddit.com/r/singapore/demo_0008,user_7873,0.8259311573435344,2026-04-15
demo_0009,Budget coffee hacks for students,Price sensitivity is real. Many consumers switching to instant or home brewing due to economic pressure.,462,86,2026-04-07 11:01:01.593071,kl,https://reddit.com/r/kl/demo_0009,user_2016,0.9691281668178178,2026-04-07
demo_0010,Quality vs convenience - what matters more?,Convenience is key for me. Using apps like Grab for coffee orders during busy mornings.,280,25,2026-03-26 23:01:01.593071,bangkok,https://reddit.com/r/bangkok/demo_0010,user_5859,0.8699695893522716,2026-03-26
demo_0011,Premium coffee trend in APAC - here to stay?,I've been tracking my coffee expenses and it's crazy how much I spend. Looking for affordable options that don't compromise on taste.,345,70,2026-04-04 06:01:01.593071,bangkok,https://reddit.com/r/bangkok/demo_0011,user_3568,0.916228535403064,2026-04-04
demo_0012,Morning coffee habit - is it worth the cost?,The specialty coffee scene in Jakarta has exploded. Prices are approaching Western levels but quality is improving.,81,7,2026-04-05 07:01:01.593071,thailand,https://reddit.com/r/thailand/demo_0012,user_6892,0.9593642459837377,2026-04-05
demo_0013,Instant coffee recommendations for office,The rise of local chains like Kopi Kenangan shows demand for affordable premium experiences.,328,11,2026-03-22 06:01:01.593071,manila,https://reddit.com/r/manila/demo_0013,user_4104,0.7177963380800866,2026-03-22
demo_0014,Why is specialty coffee so expensive in Indonesia?,Price sensitivity is real. Many consumers switching to instant or home brewing due to economic pressure.,214,90,2026-03-24 15:01:01.593071,indonesia,https://reddit.com/r/indonesia/demo_0014,user_6056,0.8072195249310611,2026-03-24
demo_0015,Best kopi susu in Jakarta under 30k?,Convenience is key for me. Using apps like Grab for coffee orders during busy mornings.,218,13,2026-04-02 01:01:01.593071,coffeelovers,https://reddit.com/r/coffeelovers/demo_0015,user_7938,0.8463651922269583,2026-04-02
demo_0016,Coffee prices rising in Bangkok - alternatives?,The specialty coffee scene in Jakarta has exploded. Prices are approaching Western levels but quality is improving.,63,95,2026-04-02 05:01:01.593071,manila,https://reddit.com/r/manila/demo_0016,user_3790,0.8331036624909913,2026-04-02
demo_0017,Kopi Kenangan vs Starbucks - taste test results,Coffee shops are becoming third places for remote work. The social value exceeds the beverage cost.,231,14,2026-03-19 11:01:01.593071,kl,https://reddit.com/r/kl/demo_0017,user_4242,0.7568571429257354,2026-03-19
demo_0018,Coffee subscription services in Indonesia,Quality over quantity. I'd rather have one good cup than multiple cheap ones.,284,65,2026-04-04 08:01:01.593071,bali,https://reddit.com/r/bali/demo_0018,user_3693,0.8278296797352148,2026-04-04
demo_0019,Morning coffee habit - is it worth the cost?,Consumer behavior shifting: experience > product. People pay for ambiance and Instagram-worthiness.,348,88,2026-04-05 03:01:01.593071,barista,https://reddit.com/r/barista/demo_0019,user_8392,0.7761970298276979,2026-04-05
demo_0020,Best coffee delivery app in Singapore,The specialty coffee scene in Jakarta has exploded. Prices are approaching Western levels but quality is improving.,359,69,2026-03-20 19:01:01.593071,bangkok,https://reddit.com/r/bangkok/demo_0020,user_6575,0.8495450374251237,2026-03-20
demo_0021,Coffee subscription services in Indonesia,Consumer behavior shifting: experience > product. People pay for ambiance and Instagram-worthiness.,172,23,2026-03-18 10:01:01.593071,coffee,https://reddit.com/r/coffee/demo_0021,user_2998,0.7471214918084205,2026-03-18
demo_0022,Social aspect of coffee shops in Asia,I've been tracking my coffee expenses and it's crazy how much I spend. Looking for affordable options that don't compromise on taste.,442,51,2026-03-24 06:01:01.593071,barista,https://reddit.com/r/barista/demo_0022,user_2291,0.7704990428311019,2026-03-24
demo_0023,Kopi Kenangan vs Starbucks - taste test results,I've been tracking my coffee expenses and it's crazy how much I spend. Looking for affordable options that don't compromise on taste.,440,80,2026-04-15 12:01:01.593071,coffee,https://reddit.com/r/coffee/demo_0023,user_1698,0.8706780135143711,2026-04-15
demo_0024,Kopi Kenangan vs Starbucks - taste test results,I've been tracking my coffee expenses and it's crazy how much I spend. Looking for affordable options that don't compromise on taste.,385,18,2026-04-14 17:01:01.593071,malaysia,https://reddit.com/r/malaysia/demo_0024,user_6249,0.8486616833287981,2026-04-14
demo_0025,Daily coffee routine - budget friendly options,Coffee shops are becoming third places for remote work. The social value exceeds the beverage cost.,203,55,2026-03-22 09:01:01.593071,malaysia,https://reddit.com/r/malaysia/demo_0025,user_5218,0.7678047827176793,2026-03-22
demo_0026,Impact of inflation on coffee consumption,Grab's coffee delivery is convenient but the markup is significant. Is it worth it for the time saved?,198,85,2026-04-10 15:01:01.593071,indonesia,https://reddit.com/r/indonesia/demo_0026,user_2930,0.9286009245014275,2026-04-10
demo_0027,Working from cafe in Bali - wifi and coffee quality,The specialty coffee scene in Jakarta has exploded. Prices are approaching Western levels but quality is improving.,148,58,2026-04-01 14:01:01.593071,philippines,https://reddit.com/r/philippines/demo_0027,user_7546,0.899121869082645,2026-04-01
demo_0028,Impact of inflation on coffee consumption,The rise of local chains like Kopi Kenangan shows demand for affordable premium experiences.,417,39,2026-03-28 19:01:01.593071,malaysia,https://reddit.com/r/malaysia/demo_0028,user_6759,0.8449703781476944,2026-03-28
demo_0029,Quality vs convenience - what matters more?,Coffee shops are becoming third places for remote work. The social value exceeds the beverage cost.,415,93,2026-04-09 14:01:01.593071,bali,https://reddit.com/r/bali/demo_0029,user_1262,0.8847955328895701,2026-04-09
demo_0030,Impact of inflation on coffee consumption,I've been tracking my coffee expenses and it's crazy how much I spend. Looking for affordable options that don't compromise on taste.,2,0,2026-03-21 23:01:01.593071,philippines,https://reddit.com/r/philippines/demo_0030,user_6423,0.9703174183608623,2026-03-21
demo_0031,Best coffee delivery app in Singapore,The rise of local chains like Kopi Kenangan shows demand for affordable premium experiences.,99,18,2026-04-12 10:01:01.593071,bali,https://reddit.com/r/bali/demo_0031,user_3255,0.9511908727867215,2026-04-12
demo_0032,Best kopi susu in Jakarta under 30k?,Price sensitivity is real. Many consumers switching to instant or home brewing due to economic pressure.,116,74,2026-03-23 17:01:01.593071,thailand,https://reddit.com/r/thailand/demo_0032,user_2648,0.7452560399464918,2026-03-23
demo_0033,Why is specialty coffee so expensive in Indonesia?,The rise of local chains like Kopi Kenangan shows demand for affordable premium experiences.,99,24,2026-04-11 07:01:01.593071,barista,https://reddit.com/r/barista/demo_0033,user_3961,0.7450262543968996,2026-04-11
demo_0034,Why is specialty coffee so expensive in Indonesia?,The rise of local chains like Kopi Kenangan shows demand for affordable premium experiences.,484,32,2026-03-30 13:01:01.593071,singapore,https://reddit.com/r/singapore/demo_0034,user_6699,0.766429744499104,2026-03-30
demo_0035,How much do you spend on coffee monthly?,Coffee shops are becoming third places for remote work. The social value exceeds the beverage cost.,195,16,2026-03-26 23:01:01.593071,barista,https://reddit.com/r/barista/demo_0035,user_5735,0.859126408933932,2026-03-26
demo_0036,Grab promo for coffee - anyone tried?,Quality over quantity. I'd rather have one good cup than multiple cheap ones.,230,50,2026-04-04 20:01:01.593071,singapore,https://reddit.com/r/singapore/demo_0036,user_6895,0.8767188152792336,2026-04-04
demo_0037,Best kopi susu in Jakarta under 30k?,I've been tracking my coffee expenses and it's crazy how much I spend. Looking for affordable options that don't compromise on taste.,453,60,2026-04-14 18:01:01.593071,kl,https://reddit.com/r/kl/demo_0037,user_8683,0.706808470600807,2026-04-14
demo_0038,Grab promo for coffee - anyone tried?,Convenience is key for me. Using apps like Grab for coffee orders during busy mornings.,6,98,2026-03-30 22:01:01.593071,manila,https://reddit.com/r/manila/demo_0038,user_2060,0.9599291975245631,2026-03-30
demo_0039,Why is specialty coffee so expensive in Indonesia?,I've been tracking my coffee expenses and it's crazy how much I spend. Looking for affordable options that don't compromise on taste.,116,62,2026-03-31 01:01:01.593071,indonesia,https://reddit.com/r/indonesia/demo_0039,user_1980,0.7534550887220969,2026-03-31
demo_0040,Local Indonesian coffee beans vs imported,Quality over quantity. I'd rather have one good cup than multiple cheap ones.,58,66,2026-04-16 12:01:01.593071,espresso,https://reddit.com/r/espresso/demo_0040,user_2895,0.7197165166378723,2026-04-16
demo_0041,GrabCoffee vs going to cafe - which is better value?,Consumer behavior shifting: experience > product. People pay for ambiance and Instagram-worthiness.,386,89,2026-03-30 00:01:01.593071,singapore,https://reddit.com/r/singapore/demo_0041,user_1784,0.9376275425789088,2026-03-30
demo_0042,Budget coffee hacks for students,Coffee shops are becoming third places for remote work. The social value exceeds the beverage cost.,477,41,2026-04-08 04:01:01.593071,singapore,https://reddit.com/r/singapore/demo_0042,user_3806,0.8175386398049573,2026-04-08
demo_0043,Instant coffee recommendations for office,The rise of local chains like Kopi Kenangan shows demand for affordable premium experiences.,36,44,2026-03-29 15:01:01.593071,bangkok,https://reddit.com/r/bangkok/demo_0043,user_3368,0.7198634567599798,2026-03-29
demo_0044,Family-friendly cafes in Manila,The specialty coffee scene in Jakarta has exploded. Prices are approaching Western levels but quality is improving.,471,14,2026-04-02 23:01:01.593071,kl,https://reddit.com/r/kl/demo_0044,user_6919,0.8619184394789287,2026-04-02
demo_0045,Social aspect of coffee shops in Asia,My family drinks coffee daily. We switched to local beans and saving 40% while supporting local farmers.,170,69,2026-03-25 20:01:01.593071,philippines,https://reddit.com/r/philippines/demo_0045,user_4854,0.8008533795951536,2026-03-25
demo_0046,How much do you spend on coffee monthly?,Convenience is key for me. Using apps like Grab for coffee orders during busy mornings.,60,4,2026-03-20 10:01:01.593071,coffee,https://reddit.com/r/coffee/demo_0046,user_6222,0.723897290198255,2026-03-20
demo_0047,Premium coffee trend in APAC - here to stay?,The specialty coffee scene in Jakarta has exploded. Prices are approaching Western levels but quality is improving.,311,39,2026-04-03 19:01:01.593071,kl,https://reddit.com/r/kl/demo_0047,user_8987,0.7371687182280315,2026-04-03
demo_0048,Coffee subscription services in Indonesia,I've been tracking my coffee expenses and it's crazy how much I spend. Looking for affordable options that don't compromise on taste.,120,62,2026-03-30 05:01:01.593071,kl,https://reddit.com/r/kl/demo_0048,user_6177,0.7219677867758344,2026-03-30
demo_0049,Best coffee delivery app in Singapore,Convenience is key for me. Using apps like Grab for coffee orders during busy mornings.,129,57,2026-04-11 18:01:01.593071,kl,https://reddit.com/r/kl/demo_0049,user_1512,0.8238586243247092,2026-04-11
demo_0050,How much do you spend on coffee monthly?,Convenience is key for me. Using apps like Grab for coffee orders during busy mornings.,385,15,2026-03-17 17:01:01.593071,philippines,https://reddit.com/r/philippines/demo_0050,user_5070,0.8839911719800467,2026-03-17
demo_0051,Why is specialty coffee so expensive in Indonesia?,Consumer behavior shifting: experience > product. People pay for ambiance and Instagram-worthiness.,144,50,2026-04-11 17:01:01.593071,bangkok,https://reddit.com/r/bangkok/demo_0051,user_8253,0.7040301768163316,2026-04-11
demo_0052,Social aspect of coffee shops in Asia,My family drinks coffee daily. We switched to local beans and saving 40% while supporting local farmers.,453,75,2026-04-03 10:01:01.593071,FoodPorn,https://reddit.com/r/FoodPorn/demo_0052,user_7617,0.837652445032713,2026-04-03
demo_0053,Kopi Kenangan vs Starbucks - taste test results,Coffee shops are becoming third places for remote work. The social value exceeds the beverage cost.,250,9,2026-04-10 11:01:01.593071,coffee,https://reddit.com/r/coffee/demo_0053,user_3849,0.7730502145356799,2026-04-10
demo_0054,Best kopi susu in Jakarta under 30k?,Price sensitivity is real. Many consumers switching to instant or home brewing due to economic pressure.,325,3,2026-04-06 20:01:01.593071,jakarta,https://reddit.com/r/jakarta/demo_0054,user_3839,0.964289649277012,2026-04-06
demo_0055,Impact of inflation on coffee consumption,Price sensitivity is real. Many consumers switching to instant or home brewing due to economic pressure.,396,49,2026-04-14 22:01:01.593071,manila,https://reddit.com/r/manila/demo_0055,user_3427,0.7359800989054948,2026-04-14
demo_0056,Kopi Kenangan vs Starbucks - taste test results,The specialty coffee scene in Jakarta has exploded. Prices are approaching Western levels but quality is improving.,65,32,2026-03-18 20:01:01.593071,bali,https://reddit.com/r/bali/demo_0056,user_4913,0.7578716207654886,2026-03-18
demo_0057,Grab promo for coffee - anyone tried?,Grab's coffee delivery is convenient but the markup is significant. Is it worth it for the time saved?,253,34,2026-03-19 02:01:01.593071,manila,https://reddit.com/r/manila/demo_0057,user_9967,0.8079110538703582,2026-03-19
demo_0058,Best coffee delivery app in Singapore,Coffee shops are becoming third places for remote work. The social value exceeds the beverage cost.,196,57,2026-04-07 13:01:01.593071,coffeelovers,https://reddit.com/r/coffeelovers/demo_0058,user_8668,0.7975342492468952,2026-04-07
demo_0059,Daily coffee routine - budget friendly options,Consumer behavior shifting: experience > product. People pay for ambiance and Instagram-worthiness.,357,72,2026-04-05 15:01:01.593071,barista,https://reddit.com/r/barista/demo_0059,user_3967,0.9259137269948339,2026-04-05
demo_0060,Quality vs convenience - what matters more?,I've been tracking my coffee expenses and it's crazy how much I spend. Looking for affordable options that don't compromise on taste.,487,95,2026-03-31 12:01:01.593071,barista,https://reddit.com/r/barista/demo_0060,user_7806,0.9606120511689982,2026-03-31
demo_0061,Coffee prices rising in Bangkok - alternatives?,Coffee shops are becoming third places for remote work. The social value exceeds the beverage cost.,217,98,2026-04-12 03:01:01.593071,coffee,https://reddit.com/r/coffee/demo_0061,user_5968,0.8057640881293625,2026-04-12
demo_0062,Coffee prices rising in Bangkok - alternatives?,The specialty coffee scene in Jakarta has exploded. Prices are approaching Western levels but quality is improving.,177,99,2026-03-30 19:01:01.593071,philippines,https://reddit.com/r/philippines/demo_0062,user_1395,0.9683916191272955,2026-03-30
demo_0063,Instant coffee recommendations for office,My family drinks coffee daily. We switched to local beans and saving 40% while supporting local farmers.,339,15,2026-03-29 03:01:01.593071,philippines,https://reddit.com/r/philippines/demo_0063,user_5980,0.7256771612323747,2026-03-29
demo_0064,Daily coffee routine - budget friendly options,Convenience is key for me. Using apps like Grab for coffee orders during busy mornings.,151,15,2026-04-04 19:01:01.593071,bali,https://reddit.com/r/bali/demo_0064,user_2062,0.7255377088536332,2026-04-04
demo_0065,Kopi Kenangan vs Starbucks - taste test results,The specialty coffee scene in Jakarta has exploded. Prices are approaching Western levels but quality is improving.,215,92,2026-04-07 08:01:01.593071,kl,https://reddit.com/r/kl/demo_0065,user_5330,0.8976328154860345,2026-04-07
demo_0066,Local Indonesian coffee beans vs imported,Consumer behavior shifting: experience > product. People pay for ambiance and Instagram-worthiness.,492,16,2026-04-02 03:01:01.593071,philippines,https://reddit.com/r/philippines/demo_0066,user_2542,0.8193056130131435,2026-04-02
demo_0067,Quality vs convenience - what matters more?,Consumer behavior shifting: experience > product. People pay for ambiance and Instagram-worthiness.,194,4,2026-04-09 05:01:01.593071,philippines,https://reddit.com/r/philippines/demo_0067,user_7172,0.7237545599438537,2026-04-09
demo_0068,Best kopi susu in Jakarta under 30k?,Quality over quantity. I'd rather have one good cup than multiple cheap ones.,145,70,2026-03-29 07:01:01.593071,bangkok,https://reddit.com/r/bangkok/demo_0068,user_5312,0.8657288468699595,2026-03-29
demo_0069,Coffee subscription services in Indonesia,Quality over quantity. I'd rather have one good cup than multiple cheap ones.,167,90,2026-04-13 09:01:01.593071,manila,https://reddit.com/r/manila/demo_0069,user_9905,0.953779227826526,2026-04-13
demo_0070,Coffee prices rising in Bangkok - alternatives?,Grab's coffee delivery is convenient but the markup is significant. Is it worth it for the time saved?,220,57,2026-04-10 12:01:01.593071,bangkok,https://reddit.com/r/bangkok/demo_0070,user_7619,0.9148145588704001,2026-04-10
demo_0071,Why is specialty coffee so expensive in Indonesia?,The rise of local chains like Kopi Kenangan shows demand for affordable premium experiences.,191,24,2026-04-08 08:01:01.593071,coffee,https://reddit.com/r/coffee/demo_0071,user_1823,0.8479436339632185,2026-04-08
demo_0072,Family-friendly cafes in Manila,Convenience is key for me. Using apps like Grab for coffee orders during busy mornings.,80,84,2026-03-27 09:01:01.593071,jakarta,https://reddit.com/r/jakarta/demo_0072,user_6348,0.7708372470369875,2026-03-27
demo_0073,Quality vs convenience - what matters more?,The rise of local chains like Kopi Kenangan shows demand for affordable premium experiences.,305,13,2026-03-28 19:01:01.593071,philippines,https://reddit.com/r/philippines/demo_0073,user_4486,0.9788327850082238,2026-03-28
demo_0074,Budget coffee hacks for students,Coffee shops are becoming third places for remote work. The social value exceeds the beverage cost.,441,74,2026-03-25 17:01:01.593071,coffeelovers,https://reddit.com/r/coffeelovers/demo_0074,user_2353,0.9661152155414364,2026-03-25
demo_0075,How much do you spend on coffee monthly?,Consumer behavior shifting: experience > product. People pay for ambiance and Instagram-worthiness.,348,35,2026-04-09 09:01:01.593071,manila,https://reddit.com/r/manila/demo_0075,user_4719,0.7989386238472947,2026-04-09
demo_0076,Daily coffee routine - budget friendly options,Quality over quantity. I'd rather have one good cup than multiple cheap ones.,447,16,2026-03-30 10:01:01.593071,philippines,https://reddit.com/r/philippines/demo_0076,user_6320,0.7866677325601718,2026-03-30
demo_0077,Budget coffee hacks for students,The specialty coffee scene in Jakarta has exploded. Prices are approaching Western levels but quality is improving.,253,5,2026-03-28 02:01:01.593071,manila,https://reddit.com/r/manila/demo_0077,user_6713,0.8166589361667741,2026-03-28
demo_0078,GrabCoffee vs going to cafe - which is better value?,Consumer behavior shifting: experience > product. People pay for ambiance and Instagram-worthiness.,312,29,2026-04-12 00:01:01.593071,philippines,https://reddit.com/r/philippines/demo_0078,user_8409,0.8544446043123396,2026-04-12
demo_0079,Best kopi susu in Jakarta under 30k?,Quality over quantity. I'd rather have one good cup than multiple cheap ones.,65,17,2026-04-11 16:01:01.593071,thailand,https://reddit.com/r/thailand/demo_0079,user_9415,0.9758800941863413,2026-04-11
demo_0080,Social aspect of coffee shops in Asia,I've been tracking my coffee expenses and it's crazy how much I spend. Looking for affordable options that don't compromise on taste.,98,98,2026-04-05 18:01:01.593071,jakarta,https://reddit.com/r/jakarta/demo_0080,user_9702,0.7765539801405977,2026-04-05
demo_0081,Social aspect of coffee shops in Asia,Convenience is key for me. Using apps like Grab for coffee orders during busy mornings.,351,4,2026-03-31 16:01:01.593071,singapore,https://reddit.com/r/singapore/demo_0081,user_6989,0.95568641063214,2026-03-31
demo_0082,Kopi Kenangan vs Starbucks - taste test results,Consumer behavior shifting: experience > product. People pay for ambiance and Instagram-worthiness.,458,82,2026-03-25 10:01:01.593071,indonesia,https://reddit.com/r/indonesia/demo_0082,user_8245,0.7574126919818269,2026-03-25
demo_0083,Coffee prices rising in Bangkok - alternatives?,My family drinks coffee daily. We switched to local beans and saving 40% while supporting local farmers.,446,64,2026-04-15 20:01:01.593071,bangkok,https://reddit.com/r/bangkok/demo_0083,user_5976,0.9119597570082241,2026-04-15
demo_0084,GrabCoffee vs going to cafe - which is better value?,Quality over quantity. I'd rather have one good cup than multiple cheap ones.,118,2,2026-04-15 07:01:01.593071,malaysia,https://reddit.com/r/malaysia/demo_0084,user_5363,0.9285880058596574,2026-04-15
demo_0085,Social aspect of coffee shops in Asia,Coffee shops are becoming third places for remote work. The social value exceeds the beverage cost.,207,84,2026-04-05 10:01:01.593071,kl,https://reddit.com/r/kl/demo_0085,user_5673,0.9254125069054213,2026-04-05
demo_0086,GrabCoffee vs going to cafe - which is better value?,Quality over quantity. I'd rather have one good cup than multiple cheap ones.,306,97,2026-04-10 09:01:01.593071,manila,https://reddit.com/r/manila/demo_0086,user_9017,0.809828332627925,2026-04-10
demo_0087,GrabCoffee vs going to cafe - which is better value?,My family drinks coffee daily. We switched to local beans and saving 40% while supporting local farmers.,249,37,2026-03-20 20:01:01.593071,FoodPorn,https://reddit.com/r/FoodPorn/demo_0087,user_8648,0.91942284356752,2026-03-20
demo_0088,Coffee subscription services in Indonesia,I've been tracking my coffee expenses and it's crazy how much I spend. Looking for affordable options that don't compromise on taste.,133,28,2026-03-19 16:01:01.593071,jakarta,https://reddit.com/r/jakarta/demo_0088,user_8043,0.8286171062249282,2026-03-19
demo_0089,Impact of inflation on coffee consumption,Price sensitivity is real. Many consumers switching to instant or home brewing due to economic pressure.,69,33,2026-03-31 05:01:01.593071,coffee,https://reddit.com/r/coffee/demo_0089,user_8941,0.8379330663180035,2026-03-31
demo_0090,Budget coffee hacks for students,The specialty coffee scene in Jakarta has exploded. Prices are approaching Western levels but quality is improving.,111,22,2026-04-04 04:01:01.593071,bali,https://reddit.com/r/bali/demo_0090,user_8350,0.863734509665763,2026-04-04
demo_0091,Daily coffee routine - budget friendly options,Price sensitivity is real. Many consumers switching to instant or home brewing due to economic pressure.,388,55,2026-04-05 17:01:01.593071,thailand,https://reddit.com/r/thailand/demo_0091,user_9472,0.9511007547736833,2026-04-05
demo_0092,Coffee subscription services in Indonesia,The specialty coffee scene in Jakarta has exploded. Prices are approaching Western levels but quality is improving.,277,4,2026-04-13 21:01:01.593071,bangkok,https://reddit.com/r/bangkok/demo_0092,user_6585,0.7780052949289484,2026-04-13
demo_0093,Working from cafe in Bali - wifi and coffee quality,I've been tracking my coffee expenses and it's crazy how much I spend. Looking for affordable options that don't compromise on taste.,133,11,2026-03-18 17:01:01.593071,indonesia,https://reddit.com/r/indonesia/demo_0093,user_3393,0.9503808336108592,2026-03-18
demo_0094,Coffee prices rising in Bangkok - alternatives?,The rise of local chains like Kopi Kenangan shows demand for affordable premium experiences.,282,46,2026-03-31 01:01:01.593071,jakarta,https://reddit.com/r/jakarta/demo_0094,user_6240,0.8925797207869033,2026-03-31
demo_0095,Budget coffee hacks for students,I've been tracking my coffee expenses and it's crazy how much I spend. Looking for affordable options that don't compromise on taste.,26,35,2026-03-24 04:01:01.593071,FoodPorn,https://reddit.com/r/FoodPorn/demo_0095,user_2276,0.9761519588427082,2026-03-24
demo_0096,Grab promo for coffee - anyone tried?,Consumer behavior shifting: experience > product. People pay for ambiance and Instagram-worthiness.,28,86,2026-04-01 15:01:01.593071,singapore,https://reddit.com/r/singapore/demo_0096,user_3125,0.8295097205172814,2026-04-01
demo_0097,Coffee subscription services in Indonesia,Coffee shops are becoming third places for remote work. The social value exceeds the beverage cost.,3,22,2026-04-04 01:01:01.593071,bali,https://reddit.com/r/bali/demo_0097,user_3797,0.9098925449624045,2026-04-04
demo_0098,Working from cafe in Bali - wifi and coffee quality,The specialty coffee scene in Jakarta has exploded. Prices are approaching Western levels but quality is improving.,371,14,2026-03-20 02:01:01.593071,espresso,https://reddit.com/r/espresso/demo_0098,user_9152,0.9064734577062693,2026-03-20
demo_0099,Social aspect of coffee shops in Asia,Coffee shops are becoming third places for remote work. The social value exceeds the beverage cost.,86,89,2026-03-20 05:01:01.593071,malaysia,https://reddit.com/r/malaysia/demo_0099,user_1125,0.7335333969093903,2026-03-20
demo_0100,Daily coffee routine - budget friendly options,Consumer behavior shifting: experience > product. People pay for ambiance and Instagram-worthiness.,67,17,2026-03-31 02:01:01.593071,barista,https://reddit.com/r/barista/demo_0100,user_7371,0.8503898317091934,2026-03-31
demo_0101,How much do you spend on coffee monthly?,I've been tracking my coffee expenses and it's crazy how much I spend. Looking for affordable options that don't compromise on taste.,236,82,2026-04-15 00:01:01.593071,thailand,https://reddit.com/r/thailand/demo_0101,user_3472,0.7944851134841371,2026-04-15
demo_0102,Coffee prices rising in Bangkok - alternatives?,Quality over quantity. I'd rather have one good cup than multiple cheap ones.,229,32,2026-03-28 13:01:01.593071,bali,https://reddit.com/r/bali/demo_0102,user_2460,0.728499092333713,2026-03-28
demo_0103,Budget coffee hacks for students,My family drinks coffee daily. We switched to local beans and saving 40% while supporting local farmers.,350,74,2026-04-11 09:01:01.593071,malaysia,https://reddit.com/r/malaysia/demo_0103,user_4517,0.7798266472342772,2026-04-11
demo_0104,Why is specialty coffee so expensive in Indonesia?,The specialty coffee scene in Jakarta has exploded. Prices are approaching Western levels but quality is improving.,31,39,2026-03-23 16:01:01.593071,philippines,https://reddit.com/r/philippines/demo_0104,user_5324,0.9750660127344097,2026-03-23
demo_0105,Morning coffee habit - is it worth the cost?,My family drinks coffee daily. We switched to local beans and saving 40% while supporting local farmers.,335,5,2026-04-11 13:01:01.593071,barista,https://reddit.com/r/barista/demo_0105,user_1117,0.7722127915725832,2026-04-11
demo_0106,GrabCoffee vs going to cafe - which is better value?,Price sensitivity is real. Many consumers switching to instant or home brewing due to economic pressure.,26,50,2026-03-24 09:01:01.593071,coffeelovers,https://reddit.com/r/coffeelovers/demo_0106,user_7316,0.9154580212937423,2026-03-24
demo_0107,Coffee subscription services in Indonesia,My family drinks coffee daily. We switched to local beans and saving 40% while supporting local farmers.,225,19,2026-04-10 17:01:01.593071,barista,https://reddit.com/r/barista/demo_0107,user_5208,0.8483552064907126,2026-04-10
demo_0108,Kopi Kenangan vs Starbucks - taste test results,My family drinks coffee daily. We switched to local beans and saving 40% while supporting local farmers.,333,2,2026-04-16 01:01:01.593071,singapore,https://reddit.com/r/singapore/demo_0108,user_4744,0.8033845348227708,2026-04-16
demo_0109,Local Indonesian coffee beans vs imported,Grab's coffee delivery is convenient but the markup is significant. Is it worth it for the time saved?,13,39,2026-03-24 05:01:01.593071,indonesia,https://reddit.com/r/indonesia/demo_0109,user_2619,0.7712993833338538,2026-03-24
demo_0110,Best coffee delivery app in Singapore,Price sensitivity is real. Many consumers switching to instant or home brewing due to economic pressure.,38,34,2026-04-12 06:01:01.593071,coffee,https://reddit.com/r/coffee/demo_0110,user_8984,0.9382036888046072,2026-04-12
demo_0111,Grab promo for coffee - anyone tried?,Convenience is key for me. Using apps like Grab for coffee orders during busy mornings.,376,74,2026-03-20 03:01:01.593071,espresso,https://reddit.com/r/espresso/demo_0111,user_6256,0.7574005068149063,2026-03-20
demo_0112,How much do you spend on coffee monthly?,Quality over quantity. I'd rather have one good cup than multiple cheap ones.,60,63,2026-04-14 12:01:01.593071,coffee,https://reddit.com/r/coffee/demo_0112,user_6468,0.739136265455361,2026-04-14
demo_0113,Why is specialty coffee so expensive in Indonesia?,Convenience is key for me. Using apps like Grab for coffee orders during busy mornings.,165,4,2026-04-08 10:01:01.593071,kl,https://reddit.com/r/kl/demo_0113,user_3898,0.886255221794936,2026-04-08
demo_0114,Coffee prices rising in Bangkok - alternatives?,Consumer behavior shifting: experience > product. People pay for ambiance and Instagram-worthiness.,89,17,2026-03-22 11:01:01.593071,philippines,https://reddit.com/r/philippines/demo_0114,user_7943,0.8295503399874897,2026-03-22
demo_0115,Premium coffee trend in APAC - here to stay?,I've been tracking my coffee expenses and it's crazy how much I spend. Looking for affordable options that don't compromise on taste.,153,16,2026-04-11 14:01:01.593071,malaysia,https://reddit.com/r/malaysia/demo_0115,user_2248,0.8096149908564205,2026-04-11
demo_0116,How much do you spend on coffee monthly?,Price sensitivity is real. Many consumers switching to instant or home brewing due to economic pressure.,435,38,2026-04-15 01:01:01.593071,indonesia,https://reddit.com/r/indonesia/demo_0116,user_2970,0.8208278800782038,2026-04-15
demo_0117,How much do you spend on coffee monthly?,Consumer behavior shifting: experience > product. People pay for ambiance and Instagram-worthiness.,448,14,2026-04-14 08:01:01.593071,coffeelovers,https://reddit.com/r/coffeelovers/demo_0117,user_6742,0.8736203716599837,2026-04-14
demo_0118,Daily coffee routine - budget friendly options,Quality over quantity. I'd rather have one good cup than multiple cheap ones.,441,96,2026-03-28 08:01:01.593071,bali,https://reddit.com/r/bali/demo_0118,user_1950,0.7400758359535714,2026-03-28
demo_0119,Local Indonesian coffee beans vs imported,Convenience is key for me. Using apps like Grab for coffee orders during busy mornings.,123,73,2026-04-12 17:01:01.593071,espresso,https://reddit.com/r/espresso/demo_0119,user_7028,0.7309768863474579,2026-04-12
demo_0120,Impact of inflation on coffee consumption,Price sensitivity is real. Many consumers switching to instant or home brewing due to economic pressure.,15,28,2026-04-13 02:01:01.593071,thailand,https://reddit.com/r/thailand/demo_0120,user_4719,0.7419768796576566,2026-04-13
demo_0121,Coffee prices rising in Bangkok - alternatives?,Grab's coffee delivery is convenient but the markup is significant. Is it worth it for the time saved?,411,94,2026-04-02 11:01:01.593071,manila,https://reddit.com/r/manila/demo_0121,user_3674,0.894305564450788,2026-04-02
demo_0122,Kopi Kenangan vs Starbucks - taste test results,My family drinks coffee daily. We switched to local beans and saving 40% while supporting local farmers.,11,73,2026-04-13 04:01:01.593071,bali,https://reddit.com/r/bali/demo_0122,user_7166,0.8293616250203572,2026-04-13
demo_0123,Coffee prices rising in Bangkok - alternatives?,Price sensitivity is real. Many consumers switching to instant or home brewing due to economic pressure.,446,81,2026-04-03 04:01:01.593071,manila,https://reddit.com/r/manila/demo_0123,user_1984,0.7716843489190254,2026-04-03
demo_0124,Family-friendly cafes in Manila,My family drinks coffee daily. We switched to local beans and saving 40% while supporting local farmers.,496,67,2026-04-09 04:01:01.593071,manila,https://reddit.com/r/manila/demo_0124,user_4876,0.8980268176077516,2026-04-09
demo_0125,Best coffee delivery app in Singapore,Quality over quantity. I'd rather have one good cup than multiple cheap ones.,51,28,2026-04-06 22:01:01.593071,manila,https://reddit.com/r/manila/demo_0125,user_4368,0.9591591836138973,2026-04-06
demo_0126,Kopi Kenangan vs Starbucks - taste test results,Convenience is key for me. Using apps like Grab for coffee orders during busy mornings.,346,35,2026-03-25 14:01:01.593071,kl,https://reddit.com/r/kl/demo_0126,user_4030,0.9578357271328642,2026-03-25
demo_0127,How much do you spend on coffee monthly?,Convenience is key for me. Using apps like Grab for coffee orders during busy mornings.,431,72,2026-03-25 16:01:01.593071,coffeelovers,https://reddit.com/r/coffeelovers/demo_0127,user_9393,0.9247989656074431,2026-03-25
demo_0128,Impact of inflation on coffee consumption,The rise of local chains like Kopi Kenangan shows demand for affordable premium experiences.,90,74,2026-03-27 06:01:01.593071,coffeelovers,https://reddit.com/r/coffeelovers/demo_0128,user_8973,0.7969768784224691,2026-03-27
demo_0129,Social aspect of coffee shops in Asia,The specialty coffee scene in Jakarta has exploded. Prices are approaching Western levels but quality is improving.,182,23,2026-03-30 13:01:01.593071,bali,https://reddit.com/r/bali/demo_0129,user_2990,0.7463437288798326,2026-03-30
demo_0130,Social aspect of coffee shops in Asia,Quality over quantity. I'd rather have one good cup than multiple cheap ones.,154,27,2026-03-26 15:01:01.593071,coffee,https://reddit.com/r/coffee/demo_0130,user_6588,0.8442486310739075,2026-03-26
demo_0131,Social aspect of coffee shops in Asia,My family drinks coffee daily. We switched to local beans and saving 40% while supporting local farmers.,118,85,2026-03-30 19:01:01.593071,philippines,https://reddit.com/r/philippines/demo_0131,user_6182,0.9791247905168652,2026-03-30
demo_0132,Coffee prices rising in Bangkok - alternatives?,Coffee shops are becoming third places for remote work. The social value exceeds the beverage cost.,435,55,2026-03-31 08:01:01.593071,coffee,https://reddit.com/r/coffee/demo_0132,user_9914,0.7978283597338132,2026-03-31
demo_0133,Budget coffee hacks for students,Price sensitivity is real. Many consumers switching to instant or home brewing due to economic pressure.,19,17,2026-03-17 22:01:01.593071,bangkok,https://reddit.com/r/bangkok/demo_0133,user_1768,0.9171477326746029,2026-03-17
demo_0134,Social aspect of coffee shops in Asia,Grab's coffee delivery is convenient but the markup is significant. Is it worth it for the time saved?,222,37,2026-04-01 21:01:01.593071,espresso,https://reddit.com/r/espresso/demo_0134,user_5926,0.7288348142127683,2026-04-01
demo_0135,Why is specialty coffee so expensive in Indonesia?,Consumer behavior shifting: experience > product. People pay for ambiance and Instagram-worthiness.,458,82,2026-04-08 16:01:01.593071,malaysia,https://reddit.com/r/malaysia/demo_0135,user_7305,0.8144455679074669,2026-04-08
demo_0136,Quality vs convenience - what matters more?,Coffee shops are becoming third places for remote work. The social value exceeds the beverage cost.,349,7,2026-03-24 16:01:01.593071,manila,https://reddit.com/r/manila/demo_0136,user_1832,0.8544823266726151,2026-03-24
demo_0137,How much do you spend on coffee monthly?,Quality over quantity. I'd rather have one good cup than multiple cheap ones.,249,66,2026-04-13 15:01:01.593071,malaysia,https://reddit.com/r/malaysia/demo_0137,user_8218,0.8827689101985249,2026-04-13
demo_0138,Why is specialty coffee so expensive in Indonesia?,Price sensitivity is real. Many consumers switching to instant or home brewing due to economic pressure.,78,31,2026-04-02 07:01:01.593071,espresso,https://reddit.com/r/espresso/demo_0138,user_3538,0.9695418091953649,2026-04-02
demo_0139,Grab promo for coffee - anyone tried?,Coffee shops are becoming third places for remote work. The social value exceeds the beverage cost.,432,81,2026-03-28 10:01:01.593071,singapore,https://reddit.com/r/singapore/demo_0139,user_7150,0.877307416975069,2026-03-28
demo_0140,Coffee subscription services in Indonesia,The specialty coffee scene in Jakarta has exploded. Prices are approaching Western levels but quality is improving.,36,28,2026-04-15 16:01:01.593071,indonesia,https://reddit.com/r/indonesia/demo_0140,user_5177,0.9499480791015529,2026-04-15
demo_0141,Morning coffee habit - is it worth the cost?,Consumer behavior shifting: experience > product. People pay for ambiance and Instagram-worthiness.,386,66,2026-04-02 10:01:01.593071,barista,https://reddit.com/r/barista/demo_0141,user_5566,0.7095838710297481,2026-04-02
demo_0142,Working from cafe in Bali - wifi and coffee quality,The rise of local chains like Kopi Kenangan shows demand for affordable premium experiences.,226,52,2026-03-28 10:01:01.593071,indonesia,https://reddit.com/r/indonesia/demo_0142,user_8083,0.7614629470226684,2026-03-28
demo_0143,Social aspect of coffee shops in Asia,Consumer behavior shifting: experience > product. People pay for ambiance and Instagram-worthiness.,158,58,2026-03-21 17:01:01.593071,manila,https://reddit.com/r/manila/demo_0143,user_9173,0.831898326754268,2026-03-21
demo_0144,Social aspect of coffee shops in Asia,The rise of local chains like Kopi Kenangan shows demand for affordable premium experiences.,40,65,2026-03-30 21:01:01.593071,coffeelovers,https://reddit.com/r/coffeelovers/demo_0144,user_9428,0.8127140122071546,2026-03-30
demo_0145,Morning coffee habit - is it worth the cost?,My family drinks coffee daily. We switched to local beans and saving 40% while supporting local farmers.,154,57,2026-04-07 17:01:01.593071,singapore,https://reddit.com/r/singapore/demo_0145,user_9996,0.7051493894332906,2026-04-07
demo_0146,Daily coffee routine - budget friendly options,The rise of local chains like Kopi Kenangan shows demand for affordable premium experiences.,422,33,2026-03-29 18:01:01.593071,jakarta,https://reddit.com/r/jakarta/demo_0146,user_8184,0.8134694646477528,2026-03-29
demo_0147,Local Indonesian coffee beans vs imported,Quality over quantity. I'd rather have one good cup than multiple cheap ones.,469,26,2026-04-11 03:01:01.593071,malaysia,https://reddit.com/r/malaysia/demo_0147,user_8992,0.774619550143847,2026-04-11
demo_0148,Family-friendly cafes in Manila,The rise of local chains like Kopi Kenangan shows demand for affordable premium experiences.,309,70,2026-03-21 07:01:01.593071,espresso,https://reddit.com/r/espresso/demo_0148,user_3969,0.8132268204337267,2026-03-21
demo_0149,Morning coffee habit - is it worth the cost?,I've been tracking my coffee expenses and it's crazy how much I spend. Looking for affordable options that don't compromise on taste.,307,52,2026-03-18 01:01:01.593071,espresso,https://reddit.com/r/espresso/demo_0149,user_6490,0.7686977507107698,2026-03-18
